date,load,ctl,atl,tsb
2023-10-29,80.62,1.9,10.73,0.0
2023-10-30,0.0,1.85,9.3,-8.84
2023-10-31,39.32,2.73,13.3,-7.45
2023-11-01,0.0,2.67,11.53,-10.57
2023-11-02,0.0,2.61,9.99,-8.86
2023-11-03,35.46,3.38,13.38,-7.39
2023-11-04,35.44,4.13,16.32,-10.0
2023-11-05,0.0,4.04,14.15,-12.19
2023-11-06,0.0,3.94,12.26,-10.11
2023-11-07,36.08,4.7,15.43,-8.32
2023-11-08,0.0,4.59,13.38,-10.74
2023-11-09,0.0,4.48,11.6,-8.79
2023-11-10,0.0,4.37,10.05,-7.12
2023-11-11,0.0,4.27,8.72,-5.68
2023-11-12,47.21,5.28,13.84,-4.45
2023-11-13,0.0,5.16,12.0,-8.56
2023-11-14,0.0,5.04,10.4,-6.84
2023-11-15,0.0,4.92,9.02,-5.36
2023-11-16,52.8,6.04,14.84,-4.1
2023-11-17,0.0,5.9,12.87,-8.8
2023-11-18,0.0,5.76,11.15,-6.97
2023-11-19,0.0,5.63,9.67,-5.39
2023-11-20,0.0,5.49,8.38,-4.04
2023-11-21,0.0,5.37,7.27,-2.89
2023-11-22,47.89,6.37,12.67,-1.9
2023-11-23,0.0,6.22,10.99,-6.31
2023-11-24,0.0,6.07,9.52,-4.77
2023-11-25,0.0,5.93,8.26,-3.45
2023-11-26,0.0,5.79,7.16,-2.33
2023-11-27,0.0,5.65,6.2,-1.37
2023-11-28,0.0,5.52,5.38,-0.55
2023-11-29,0.0,5.39,4.66,0.14
2023-11-30,0.0,5.26,4.04,0.73
2023-12-01,0.0,5.14,3.5,1.22
2023-12-02,0.0,5.02,3.04,1.63
2023-12-03,0.0,4.9,2.63,1.98
2023-12-04,0.0,4.78,2.28,2.27
2023-12-05,0.0,4.67,1.98,2.5
2023-12-06,0.0,4.56,1.72,2.69
2023-12-07,33.52,5.24,5.95,2.85
2023-12-08,0.0,5.12,5.16,-0.71
2023-12-09,0.0,5.0,4.47,-0.04
2023-12-10,0.0,4.88,3.88,0.53
2023-12-11,0.0,4.77,3.36,1.01
2023-12-12,0.0,4.65,2.91,1.41
2023-12-13,0.0,4.54,2.52,1.74
2023-12-14,0.0,4.44,2.19,2.02
2023-12-15,0.0,4.33,1.9,2.25
2023-12-16,0.0,4.23,1.64,2.44
2023-12-17,0.0,4.13,1.43,2.59
2023-12-18,0.0,4.03,1.24,2.71
2023-12-19,0.0,3.94,1.07,2.8
2023-12-20,0.0,3.85,0.93,2.87
2023-12-21,0.0,3.76,0.81,2.92
2023-12-22,0.0,3.67,0.7,2.95
2023-12-23,0.0,3.58,0.61,2.97
2023-12-24,0.0,3.5,0.52,2.98
2023-12-25,0.0,3.42,0.45,2.97
2023-12-26,0.0,3.34,0.39,2.96
2023-12-27,0.0,3.26,0.34,2.94
2023-12-28,0.0,3.18,0.3,2.91
2023-12-29,0.0,3.11,0.26,2.88
2023-12-30,0.0,3.03,0.22,2.85
2023-12-31,0.0,2.96,0.19,2.81
2024-01-01,0.0,2.89,0.17,2.77
2024-01-02,0.0,2.82,0.15,2.72
2024-01-03,0.0,2.76,0.13,2.68
2024-01-04,0.0,2.69,0.11,2.63
2024-01-05,0.0,2.63,0.09,2.58
2024-01-06,0.0,2.57,0.08,2.53
2024-01-07,0.0,2.51,0.07,2.48
2024-01-08,0.0,2.45,0.06,2.44
2024-01-09,0.0,2.39,0.05,2.39
2024-01-10,0.0,2.33,0.05,2.34
2024-01-11,0.0,2.28,0.04,2.29
2024-01-12,0.0,2.22,0.03,2.24
2024-01-13,0.0,2.17,0.03,2.19
2024-01-14,0.0,2.12,0.03,2.14
2024-01-15,0.0,2.07,0.02,2.1
2024-01-16,0.0,2.02,0.02,2.05
2024-01-17,0.0,1.98,0.02,2.0
2024-01-18,0.0,1.93,0.01,1.96
2024-01-19,0.0,1.88,0.01,1.91
2024-01-20,0.0,1.84,0.01,1.87
2024-01-21,0.0,1.8,0.01,1.83
2024-01-22,0.0,1.75,0.01,1.79
2024-01-23,0.0,1.71,0.01,1.75
2024-01-24,0.0,1.67,0.01,1.71
2024-01-25,0.0,1.63,0.01,1.67
2024-01-26,0.0,1.59,0.0,1.63
2024-01-27,0.0,1.56,0.0,1.59
2024-01-28,0.0,1.52,0.0,1.55
2024-01-29,0.0,1.48,0.0,1.52
2024-01-30,0.0,1.45,0.0,1.48
2024-01-31,0.0,1.42,0.0,1.45
2024-02-01,0.0,1.38,0.0,1.41
2024-02-02,0.0,1.35,0.0,1.38
2024-02-03,0.0,1.32,0.0,1.35
2024-02-04,0.0,1.29,0.0,1.32
2024-02-05,0.0,1.26,0.0,1.29
2024-02-06,0.0,1.23,0.0,1.26
2024-02-07,0.0,1.2,0.0,1.23
2024-02-08,0.0,1.17,0.0,1.2
2024-02-09,0.0,1.14,0.0,1.17
2024-02-10,0.0,1.12,0.0,1.14
2024-02-11,0.0,1.09,0.0,1.11
2024-02-12,0.0,1.06,0.0,1.09
2024-02-13,0.0,1.04,0.0,1.06
2024-02-14,0.0,1.01,0.0,1.04
2024-02-15,0.0,0.99,0.0,1.01
2024-02-16,0.0,0.97,0.0,0.99
2024-02-17,0.0,0.94,0.0,0.97
2024-02-18,0.0,0.92,0.0,0.94
2024-02-19,0.0,0.9,0.0,0.92
2024-02-20,0.0,0.88,0.0,0.9
2024-02-21,0.0,0.86,0.0,0.88
2024-02-22,0.0,0.84,0.0,0.86
2024-02-23,0.0,0.82,0.0,0.84
2024-02-24,0.0,0.8,0.0,0.82
2024-02-25,0.0,0.78,0.0,0.8
2024-02-26,0.0,0.76,0.0,0.78
2024-02-27,0.0,0.74,0.0,0.76
2024-02-28,0.0,0.73,0.0,0.74
2024-02-29,0.0,0.71,0.0,0.73
2024-03-01,0.0,0.69,0.0,0.71
2024-03-02,0.0,0.68,0.0,0.69
2024-03-03,0.0,0.66,0.0,0.68
2024-03-04,0.0,0.65,0.0,0.66
2024-03-05,0.0,0.63,0.0,0.65
2024-03-06,0.0,0.62,0.0,0.63
2024-03-07,0.0,0.6,0.0,0.62
2024-03-08,0.0,0.59,0.0,0.6
2024-03-09,0.0,0.57,0.0,0.59
2024-03-10,0.0,0.56,0.0,0.57
2024-03-11,0.0,0.55,0.0,0.56
2024-03-12,0.0,0.53,0.0,0.55
2024-03-13,0.0,0.52,0.0,0.53
2024-03-14,0.0,0.51,0.0,0.52
2024-03-15,0.0,0.5,0.0,0.51
2024-03-16,0.0,0.48,0.0,0.5
2024-03-17,0.0,0.47,0.0,0.48
2024-03-18,0.0,0.46,0.0,0.47
2024-03-19,0.0,0.45,0.0,0.46
2024-03-20,0.0,0.44,0.0,0.45
2024-03-21,0.0,0.43,0.0,0.44
2024-03-22,0.0,0.42,0.0,0.43
2024-03-23,0.0,0.41,0.0,0.42
2024-03-24,0.0,0.4,0.0,0.41
2024-03-25,0.0,0.39,0.0,0.4
2024-03-26,0.0,0.38,0.0,0.39
2024-03-27,39.45,1.3,5.25,0.38
2024-03-28,0.0,1.27,4.55,-3.95
2024-03-29,0.0,1.24,3.95,-3.28
2024-03-30,0.0,1.21,3.42,-2.71
2024-03-31,0.0,1.18,2.97,-2.21
2024-04-01,0.0,1.16,2.57,-1.78
2024-04-02,0.0,1.13,2.23,-1.42
2024-04-03,40.3,2.05,7.3,-1.1
2024-04-04,0.0,2.0,6.33,-5.25
2024-04-05,54.37,3.23,12.72,-4.32
2024-04-06,0.0,3.16,11.03,-9.49
2024-04-07,66.55,4.65,18.42,-7.87
2024-04-08,0.0,4.54,15.97,-13.77
2024-04-09,0.0,4.43,13.84,-11.43
2024-04-10,0.0,4.33,12.0,-9.41
2024-04-11,0.0,4.23,10.4,-7.67
2024-04-12,0.0,4.13,9.02,-6.17
2024-04-13,0.0,4.03,7.82,-4.89
2024-04-14,0.0,3.94,6.78,-3.79
2024-04-15,51.81,5.06,12.77,-2.84
2024-04-16,0.0,4.94,11.07,-7.71
2024-04-17,61.05,6.26,17.72,-6.13
2024-04-18,0.0,6.12,15.37,-11.46
2024-04-19,39.16,6.89,18.53,-9.25
2024-04-20,29.9,7.43,20.05,-11.64
2024-04-21,152.62,10.85,37.69,-12.61
2024-04-22,0.0,10.59,32.68,-26.84
2024-04-23,0.0,10.35,28.33,-22.08
2024-04-24,0.0,10.1,24.55,-17.98
2024-04-25,65.89,11.41,30.06,-14.45
2024-04-26,65.7,12.69,34.8,-18.64
2024-04-27,27.21,13.03,33.79,-22.11
2024-04-28,0.0,12.73,29.29,-20.76
2024-04-29,0.0,12.43,25.39,-16.57
2024-04-30,76.7,13.94,32.22,-12.97
2024-05-01,44.84,14.67,33.9,-18.28
2024-05-02,0.0,14.32,29.39,-19.24
2024-05-03,93.64,16.19,37.94,-15.07
2024-05-04,0.0,15.81,32.89,-21.75
2024-05-05,56.76,16.77,36.07,-17.08
2024-05-06,26.29,16.99,34.77,-19.3
2024-05-07,56.22,17.92,37.62,-17.77
2024-05-08,0.0,17.5,32.61,-19.71
2024-05-09,55.19,18.38,35.62,-15.12
2024-05-10,0.0,17.95,30.88,-17.24
2024-05-11,109.06,20.09,41.29,-12.93
2024-05-12,0.0,19.62,35.79,-21.19
2024-05-13,0.0,19.16,31.03,-16.17
2024-05-14,0.0,18.71,26.89,-11.87
2024-05-15,0.0,18.27,23.31,-8.19
2024-05-16,61.07,19.28,28.34,-5.05
2024-05-17,0.0,18.82,24.57,-9.07
2024-05-18,25.52,18.98,24.69,-5.75
2024-05-19,42.37,19.53,27.05,-5.72
2024-05-20,0.0,19.07,23.45,-7.52
2024-05-21,135.28,21.8,38.34,-4.38
2024-05-22,42.69,22.3,38.92,-16.53
2024-05-23,0.0,21.77,33.73,-16.62
2024-05-24,42.46,22.26,34.9,-11.96
2024-05-25,0.0,21.73,30.25,-12.64
2024-05-26,0.0,21.22,26.22,-8.52
2024-05-27,26.41,21.35,26.25,-5.0
2024-05-28,0.0,20.84,22.75,-4.9
2024-05-29,0.0,20.35,19.73,-1.91
2024-05-30,0.0,19.87,17.1,0.63
2024-05-31,0.0,19.41,14.82,2.77
2024-06-01,0.0,18.95,12.85,4.58
2024-06-02,0.0,18.5,11.14,6.1
2024-06-03,0.0,18.07,9.66,7.36
2024-06-04,0.0,17.64,8.37,8.41
2024-06-05,56.17,18.55,14.73,9.27
2024-06-06,0.0,18.11,12.77,3.82
2024-06-07,95.81,19.94,23.83,5.34
2024-06-08,0.0,19.47,20.65,-3.89
2024-06-09,57.27,20.36,25.53,-1.18
2024-06-10,0.0,19.88,22.13,-5.17
2024-06-11,0.0,19.41,19.18,-2.25
2024-06-12,31.7,19.7,20.85,0.23
2024-06-13,0.0,19.24,18.07,-1.15
2024-06-14,47.05,19.89,21.93,1.17
2024-06-15,0.0,19.43,19.01,-2.04
2024-06-16,0.0,18.97,16.48,0.41
2024-06-17,150.2,22.06,34.28,2.49
2024-06-18,0.0,21.54,29.72,-12.23
2024-06-19,0.0,21.03,25.76,-8.18
2024-06-20,57.58,21.89,30.0,-4.73
2024-06-21,39.7,22.31,31.29,-8.11
2024-06-22,66.0,23.34,35.91,-8.98
2024-06-23,0.0,22.79,31.13,-12.57
2024-06-24,55.65,23.56,34.39,-8.34
2024-06-25,164.22,26.87,51.68,-10.83
2024-06-26,0.0,26.24,44.8,-24.81
2024-06-27,0.0,25.62,38.83,-18.56
2024-06-28,56.33,26.34,41.16,-13.21
2024-06-29,83.92,27.7,46.86,-14.82
2024-06-30,0.0,27.05,40.62,-19.16
2024-07-01,41.05,27.38,40.68,-13.57
2024-07-02,0.0,26.73,35.26,-13.3
2024-07-03,51.59,27.32,37.43,-8.53
2024-07-04,92.48,28.85,44.76,-10.12
2024-07-05,0.0,28.17,38.8,-15.91
2024-07-06,0.0,27.51,33.64,-10.63
2024-07-07,0.0,26.86,29.16,-6.13
2024-07-08,71.29,27.91,34.77,-2.3
2024-07-09,0.0,27.25,30.14,-6.86
2024-07-10,50.31,27.79,32.82,-2.89
2024-07-11,0.0,27.14,28.45,-5.03
2024-07-12,34.21,27.31,29.22,-1.32
2024-07-13,51.65,27.88,32.21,-1.92
2024-07-14,99.8,29.57,41.21,-4.33
2024-07-15,0.0,28.87,35.72,-11.63
2024-07-16,50.15,29.38,37.64,-6.85
2024-07-17,67.12,30.26,41.56,-8.27
2024-07-18,23.19,30.1,39.12,-11.3
2024-07-19,0.0,29.39,33.91,-9.02
2024-07-20,45.82,29.78,35.5,-4.52
2024-07-21,128.67,32.1,47.9,-5.72
2024-07-22,0.0,31.35,41.52,-15.8
2024-07-23,59.48,32.01,43.91,-10.18
2024-07-24,52.07,32.48,45.0,-11.9
2024-07-25,63.99,33.22,47.53,-12.52
2024-07-26,0.0,32.44,41.2,-14.3
2024-07-27,54.53,32.96,42.97,-8.76
2024-07-28,142.31,35.53,56.2,-10.01
2024-07-29,0.0,34.7,48.72,-20.66
2024-07-30,60.3,35.3,50.26,-14.02
2024-07-31,39.13,35.39,48.78,-14.96
2024-08-01,0.0,34.56,42.28,-13.39
2024-08-02,0.0,33.74,36.66,-7.73
2024-08-03,0.0,32.95,31.78,-2.91
2024-08-04,0.0,32.17,27.55,1.17
2024-08-05,0.0,31.42,23.88,4.63
2024-08-06,0.0,30.68,20.7,7.54
2024-08-07,0.0,29.96,17.94,9.98
2024-08-08,58.04,30.62,23.28,12.01
2024-08-09,0.0,29.9,20.18,7.34
2024-08-10,74.39,30.94,27.4,9.71
2024-08-11,0.0,30.22,23.75,3.54
2024-08-12,38.34,30.41,25.69,6.46
2024-08-13,0.0,29.69,22.27,4.71
2024-08-14,56.51,30.32,26.83,7.42
2024-08-15,0.0,29.61,23.26,3.49
2024-08-16,46.87,30.01,26.4,6.35
2024-08-17,0.0,29.31,22.89,3.61
2024-08-18,56.22,29.94,27.32,6.42
2024-08-19,0.0,29.24,23.69,2.62
2024-08-20,65.38,30.09,29.24,5.55
2024-08-21,0.0,29.38,25.35,0.85
2024-08-22,56.44,30.02,29.49,4.03
2024-08-23,10.95,29.57,27.02,0.53
2024-08-24,67.0,30.45,32.34,2.55
2024-08-25,0.0,29.73,28.04,-1.89
2024-08-26,96.26,31.3,37.12,1.7
2024-08-27,0.0,30.56,32.18,-5.82
2024-08-28,52.59,31.08,34.89,-1.62
2024-08-29,77.4,32.17,40.55,-3.81
2024-08-30,62.31,32.88,43.45,-8.38
2024-08-31,0.0,32.11,37.66,-10.57
2024-09-01,155.9,35.02,53.4,-5.56
2024-09-02,0.0,34.19,46.29,-18.39
2024-09-03,59.55,34.79,48.06,-12.1
2024-09-04,90.42,36.1,53.7,-13.27
2024-09-05,57.36,36.6,54.19,-17.6
2024-09-06,31.22,36.47,51.13,-17.59
2024-09-07,0.0,35.61,44.32,-14.66
2024-09-08,169.65,38.77,61.01,-8.71
2024-09-09,0.0,37.86,52.88,-22.24
2024-09-10,0.0,36.97,45.84,-15.03
2024-09-11,74.05,37.84,49.6,-8.88
2024-09-12,57.29,38.3,50.62,-11.76
2024-09-13,45.06,38.45,49.88,-12.33
2024-09-14,65.25,39.09,51.93,-11.43
2024-09-15,124.84,41.1,61.63,-12.84
2024-09-16,0.0,40.14,53.43,-20.53
2024-09-17,65.89,40.74,55.09,-13.29
2024-09-18,79.68,41.66,58.36,-14.35
2024-09-19,56.74,42.01,58.15,-16.7
2024-09-20,0.0,41.02,50.41,-16.13
2024-09-21,0.0,40.06,43.7,-9.38
2024-09-22,151.02,42.67,57.98,-3.64
2024-09-23,0.0,41.67,50.26,-15.31
2024-09-24,63.81,42.19,52.07,-8.6
2024-09-25,103.99,43.64,58.98,-9.88
2024-09-26,64.29,44.13,59.69,-15.34
2024-09-27,51.29,44.3,58.57,-15.56
2024-09-28,0.0,43.25,50.77,-14.27
2024-09-29,179.69,46.46,67.93,-7.52
2024-09-30,0.0,45.37,58.89,-21.47
2024-10-01,63.31,45.79,59.48,-13.52
2024-10-02,84.4,46.7,62.8,-13.69
2024-10-03,0.0,45.6,54.44,-16.1
2024-10-04,56.99,45.87,54.78,-8.83
2024-10-05,0.0,44.79,47.48,-8.91
2024-10-06,168.97,47.71,63.66,-2.69
2024-10-07,0.0,46.59,55.18,-15.94
2024-10-08,0.0,45.49,47.84,-8.59
2024-10-09,56.17,45.74,48.95,-2.34
2024-10-10,70.9,46.34,51.87,-3.2
2024-10-11,62.53,46.72,53.29,-5.53
2024-10-12,0.0,45.62,46.19,-6.57
2024-10-13,219.39,49.71,69.25,-0.58
2024-10-14,0.0,48.54,60.03,-19.54
2024-10-15,0.0,47.4,52.04,-11.49
2024-10-16,63.72,47.78,53.6,-4.64
2024-10-17,0.0,46.66,46.46,-5.82
2024-10-18,53.02,46.81,47.33,0.19
2024-10-19,55.83,47.02,48.46,-0.53
2024-10-20,250.66,51.81,75.38,-1.45
2024-10-21,0.0,50.59,65.35,-23.57
2024-10-22,63.49,50.89,65.1,-14.76
2024-10-23,0.0,49.7,56.43,-14.21
2024-10-24,147.62,52.0,68.57,-6.74
2024-10-25,50.74,51.97,66.2,-16.57
2024-10-26,0.0,50.75,57.39,-14.23
2024-10-27,137.91,52.8,68.11,-6.64
2024-10-28,0.0,51.56,59.04,-15.31
2024-10-29,52.86,51.59,58.22,-7.48
2024-10-30,0.0,50.37,50.47,-6.63
2024-10-31,54.0,50.46,50.94,-0.09
2024-11-01,67.6,50.86,53.16,-0.48
2024-11-02,0.0,49.66,46.08,-2.29
2024-11-03,99.25,50.83,53.16,3.59
2024-11-04,0.0,49.64,46.08,-2.33
2024-11-05,0.0,48.47,39.95,3.55
2024-11-06,50.15,48.51,41.31,8.52
2024-11-07,52.72,48.61,42.82,7.2
2024-11-08,33.7,48.26,41.61,5.78
2024-11-09,0.0,47.12,36.07,6.65
2024-11-10,416.81,55.82,86.76,11.05
2024-11-11,0.0,54.51,75.21,-30.94
2024-11-12,0.0,53.22,65.2,-20.7
2024-11-13,31.96,52.72,60.77,-11.97
2024-11-14,60.02,52.89,60.67,-8.05
2024-11-15,0.0,51.65,52.59,-7.78
2024-11-16,0.0,50.43,45.59,-0.94
2024-11-17,56.65,50.58,47.06,4.84
2024-11-18,21.5,49.9,43.66,3.52
2024-11-19,0.0,48.72,37.85,6.24
2024-11-20,37.09,48.45,37.75,10.87
2024-11-21,0.0,47.31,32.72,10.7
2024-11-22,0.0,46.2,28.37,14.59
2024-11-23,59.79,46.52,32.55,17.83
2024-11-24,24.16,45.99,31.43,13.97
2024-11-25,90.36,47.03,39.28,14.56
2024-11-26,0.0,45.93,34.05,7.76
2024-11-27,0.0,44.85,29.52,11.88
2024-11-28,0.0,43.79,25.59,15.33
2024-11-29,0.0,42.76,22.18,18.2
2024-11-30,51.12,42.96,26.03,20.58
2024-12-01,0.0,41.95,22.57,16.92
2024-12-02,22.85,41.5,22.6,19.38
2024-12-03,0.0,40.52,19.6,18.89
2024-12-04,48.01,40.7,23.38,20.93
2024-12-05,0.0,39.74,20.27,17.32
2024-12-06,0.0,38.8,17.57,19.47
2024-12-07,0.0,37.89,15.23,21.24
2024-12-08,0.0,37.0,13.2,22.66
2024-12-09,0.0,36.13,11.44,23.8
2024-12-10,0.0,35.28,9.92,24.69
2024-12-11,0.0,34.45,8.6,25.36
2024-12-12,0.0,33.64,7.46,25.85
2024-12-13,0.0,32.85,6.46,26.18
2024-12-14,0.0,32.07,5.6,26.38
2024-12-15,0.0,31.32,4.86,26.47
2024-12-16,0.0,30.58,4.21,26.46
2024-12-17,0.0,29.86,3.65,26.37
2024-12-18,0.0,29.16,3.16,26.21
2024-12-19,57.87,29.84,10.45,26.0
2024-12-20,0.0,29.13,9.06,19.39
2024-12-21,0.0,28.45,7.85,20.08
2024-12-22,0.0,27.78,6.81,20.6
2024-12-23,0.0,27.13,5.9,20.97
2024-12-24,0.0,26.49,5.11,21.23
2024-12-25,0.0,25.86,4.43,21.37
2024-12-26,0.0,25.26,3.84,21.43
2024-12-27,0.0,24.66,3.33,21.41
2024-12-28,0.0,24.08,2.89,21.33
2024-12-29,0.0,23.51,2.5,21.19
2024-12-30,0.0,22.96,2.17,21.01
2024-12-31,0.0,22.42,1.88,20.79
2025-01-01,0.0,21.89,1.63,20.54
2025-01-02,0.0,21.38,1.41,20.26
2025-01-03,0.0,20.88,1.23,19.96
2025-01-04,0.0,20.38,1.06,19.65
2025-01-05,0.0,19.9,0.92,19.32
2025-01-06,0.0,19.44,0.8,18.98
2025-01-07,0.0,18.98,0.69,18.64
2025-01-08,0.0,18.53,0.6,18.29
2025-01-09,0.0,18.1,0.52,17.93
2025-01-10,0.0,17.67,0.45,17.58
2025-01-11,0.0,17.26,0.39,17.22
2025-01-12,0.0,16.85,0.34,16.86
2025-01-13,0.0,16.45,0.29,16.51
2025-01-14,0.0,16.07,0.25,16.16
2025-01-15,0.0,15.69,0.22,15.81
2025-01-16,0.0,15.32,0.19,15.47
2025-01-17,0.0,14.96,0.17,15.13
2025-01-18,0.0,14.61,0.14,14.79
2025-01-19,0.0,14.26,0.12,14.46
2025-01-20,0.0,13.93,0.11,14.14
2025-01-21,0.0,13.6,0.09,13.82
2025-01-22,0.0,13.28,0.08,13.51
2025-01-23,0.0,12.97,0.07,13.2
2025-01-24,0.0,12.66,0.06,12.9
2025-01-25,0.0,12.36,0.05,12.6
2025-01-26,0.0,12.07,0.05,12.31
2025-01-27,0.0,11.79,0.04,12.03
2025-01-28,15.19,11.87,2.06,11.75
2025-01-29,0.0,11.59,1.78,9.81
2025-01-30,0.0,11.32,1.55,9.81
2025-01-31,0.0,11.05,1.34,9.77
2025-02-01,27.11,11.43,4.77,9.71
2025-02-02,0.0,11.16,4.14,6.66
2025-02-03,0.0,10.9,3.58,7.02
2025-02-04,0.0,10.64,3.11,7.31
2025-02-05,0.0,10.39,2.69,7.53
2025-02-06,0.0,10.15,2.34,7.7
2025-02-07,0.0,9.91,2.02,7.81
2025-02-08,24.29,10.25,4.99,7.88
2025-02-09,0.0,10.0,4.32,5.26
2025-02-10,0.0,9.77,3.75,5.68
2025-02-11,35.96,10.39,8.04,6.02
2025-02-12,0.0,10.14,6.97,2.35
2025-02-13,0.0,9.9,6.04,3.17
2025-02-14,0.0,9.67,5.24,3.86
2025-02-15,0.0,9.44,4.54,4.43
2025-02-16,46.49,10.31,10.12,4.9
2025-02-17,0.0,10.07,8.78,0.19
2025-02-18,0.0,9.83,7.61,1.3
2025-02-19,0.0,9.6,6.59,2.23
2025-02-20,41.7,10.36,11.27,3.01
2025-02-21,0.0,10.11,9.77,-0.91
2025-02-22,0.0,9.88,8.47,0.35
2025-02-23,52.39,10.88,14.32,1.41
2025-02-24,25.27,11.22,15.77,-3.44
2025-02-25,0.0,10.95,13.67,-4.56
2025-02-26,33.71,11.49,16.34,-2.72
2025-02-27,0.0,11.22,14.17,-4.85
2025-02-28,51.86,12.17,19.18,-2.95
2025-03-01,0.0,11.89,16.63,-7.01
2025-03-02,30.34,12.32,18.45,-4.74
2025-03-03,72.94,13.75,25.71,-6.13
2025-03-04,0.0,13.42,22.29,-11.96
2025-03-05,43.1,14.12,25.06,-8.86
2025-03-06,19.31,14.24,24.29,-10.93
2025-03-07,0.0,13.91,21.06,-10.05
2025-03-08,62.72,15.06,26.6,-7.15
2025-03-09,0.0,14.7,23.06,-11.55
2025-03-10,30.33,15.07,24.03,-8.36
2025-03-11,55.37,16.02,28.2,-8.96
2025-03-12,20.23,16.12,27.14,-12.18
2025-03-13,0.0,15.74,23.53,-11.02
2025-03-14,82.38,17.31,31.36,-7.79
2025-03-15,72.34,18.6,36.82,-14.06
2025-03-16,0.0,18.16,31.92,-18.22
2025-03-17,0.0,17.74,27.67,-13.75
2025-03-18,27.42,17.96,27.63,-9.93
2025-03-19,85.61,19.56,35.35,-9.67
2025-03-20,36.99,19.97,35.57,-15.8
2025-03-21,63.87,21.0,39.34,-15.6
2025-03-22,90.03,22.62,46.09,-18.34
2025-03-23,40.38,23.04,45.33,-23.46
2025-03-24,92.64,24.68,51.62,-22.29
2025-03-25,59.68,25.5,52.7,-26.95
2025-03-26,43.78,25.93,51.51,-27.19
2025-03-27,138.69,28.59,63.12,-25.58
2025-03-28,37.26,28.79,59.67,-34.53
2025-03-29,86.44,30.15,63.24,-30.88
2025-03-30,0.0,29.44,54.82,-33.09
2025-03-31,8.69,28.95,48.68,-25.38
2025-04-01,84.52,30.26,53.45,-19.73
2025-04-02,102.26,31.95,59.95,-23.19
2025-04-03,93.61,33.4,64.43,-28.0
2025-04-04,127.83,35.62,72.87,-31.03
2025-04-05,90.94,36.92,75.27,-37.25
2025-04-06,165.92,39.96,87.34,-38.35
2025-04-07,39.01,39.94,80.91,-47.38
2025-04-08,141.17,42.32,88.93,-40.97
2025-04-09,69.74,42.96,86.37,-46.61
2025-04-10,72.46,43.66,84.52,-43.41
2025-04-11,32.19,43.39,77.55,-40.86
2025-04-12,188.2,46.79,92.28,-34.17
2025-04-13,0.0,45.69,80.0,-45.49
2025-04-14,60.57,46.04,77.41,-34.31
2025-04-15,64.64,46.48,75.71,-31.37
2025-04-16,0.0,45.39,65.63,-29.23
2025-04-17,0.0,44.32,56.9,-20.25
2025-04-18,0.0,43.28,49.32,-12.58
2025-04-19,0.0,42.26,42.76,-6.05
2025-04-20,0.0,41.26,37.06,-0.5
2025-04-21,0.0,40.29,32.13,4.2
2025-04-22,0.0,39.35,27.85,8.16
2025-04-23,0.0,38.42,24.15,11.49
2025-04-24,0.0,37.52,20.93,14.27
2025-04-25,0.0,36.63,18.14,16.58
2025-04-26,0.0,35.77,15.73,18.49
2025-04-27,131.39,38.02,31.13,20.04
2025-04-28,64.57,38.65,35.58,6.89
2025-04-29,34.09,38.54,35.38,3.07
2025-04-30,81.07,39.54,41.46,3.16
2025-05-01,112.68,41.26,50.94,-1.92
2025-05-02,77.2,42.11,54.44,-9.68
2025-05-03,90.95,43.25,59.3,-12.33
2025-05-04,149.7,45.76,71.33,-16.04
2025-05-05,0.0,44.68,61.84,-25.57
2025-05-06,79.2,45.49,64.15,-17.15
2025-05-07,21.56,44.93,58.48,-18.65
2025-05-08,128.33,46.89,67.78,-13.55
2025-05-09,102.77,48.21,72.44,-20.88
2025-05-10,84.69,49.07,74.07,-24.23
2025-05-11,117.21,50.67,79.81,-25.0
2025-05-12,14.16,49.81,71.07,-29.14
2025-05-13,39.52,49.57,66.87,-21.26
2025-05-14,0.0,48.4,57.97,-17.3
2025-05-15,61.34,48.71,58.42,-9.57
2025-05-16,0.0,47.56,50.64,-9.71
2025-05-17,75.65,48.22,53.97,-3.08
2025-05-18,237.92,52.69,78.46,-5.75
2025-05-19,0.0,51.45,68.01,-25.77
2025-05-20,55.15,51.53,66.3,-16.57
2025-05-21,0.0,50.32,57.48,-14.77
2025-05-22,49.57,50.3,56.42,-7.15
2025-05-23,25.93,49.73,52.36,-6.12
2025-05-24,82.64,50.5,56.39,-2.63
2025-05-25,50.86,50.51,55.66,-5.89
2025-05-26,29.1,50.01,52.12,-5.15
2025-05-27,117.96,51.61,60.89,-2.11
2025-05-28,0.0,50.39,52.78,-9.28
2025-05-29,0.0,49.21,45.75,-2.39
2025-05-30,0.0,48.05,39.66,3.45
2025-05-31,0.0,46.92,34.38,8.39
2025-06-01,46.53,46.91,36.0,12.54
2025-06-02,25.64,46.41,34.62,10.91
2025-06-03,92.65,47.5,42.35,11.79
2025-06-04,0.0,46.38,36.71,5.15
2025-06-05,38.54,46.2,36.95,9.67
2025-06-06,54.39,46.39,39.27,9.24
2025-06-07,0.0,45.3,34.05,7.11
2025-06-08,103.71,46.67,43.32,11.25
2025-06-09,0.0,45.57,37.55,3.35
2025-06-10,0.0,44.5,32.55,8.02
2025-06-11,69.3,45.08,37.45,11.95
2025-06-12,0.0,44.02,32.46,7.64
2025-06-13,0.0,42.99,28.14,11.56
2025-06-14,0.0,41.98,24.39,14.85
2025-06-15,0.0,40.99,21.15,17.58
2025-06-16,0.0,40.02,18.33,19.84
2025-06-17,61.75,40.54,24.11,21.69
2025-06-18,75.49,41.36,30.95,16.42
2025-06-19,0.0,40.39,26.83,10.41
2025-06-20,0.0,39.43,23.26,13.55
2025-06-21,0.0,38.51,20.16,16.18
2025-06-22,0.0,37.6,17.48,18.34
2025-06-23,0.0,36.72,15.15,20.12
2025-06-24,0.0,35.85,13.14,21.56
2025-06-25,66.09,36.56,20.18,22.72
2025-06-26,0.0,35.7,17.5,16.38
2025-06-27,0.0,34.86,15.17,18.21
2025-06-28,0.0,34.04,13.15,19.7
2025-06-29,0.0,33.24,11.4,20.89
2025-06-30,61.89,33.92,18.12,21.84
2025-07-01,0.0,33.12,15.71,15.8
2025-07-02,65.47,33.88,22.33,17.41
2025-07-03,98.54,35.4,32.48,11.55
2025-07-04,0.0,34.57,28.15,2.92
2025-07-05,156.94,37.45,45.3,6.41
2025-07-06,73.91,38.31,49.11,-7.85
2025-07-07,0.0,37.4,42.57,-10.8
2025-07-08,44.69,37.58,42.85,-5.17
2025-07-09,57.15,38.04,44.76,-5.28
2025-07-10,42.26,38.14,44.42,-6.72
2025-07-11,57.44,38.59,46.16,-6.29
2025-07-12,91.74,39.84,52.22,-7.57
2025-07-13,98.08,41.21,58.33,-12.38
2025-07-14,0.0,40.24,50.56,-17.12
2025-07-15,50.17,40.47,50.51,-10.32
2025-07-16,56.97,40.86,51.37,-10.04
2025-07-17,51.18,41.11,51.35,-10.51
2025-07-18,49.03,41.29,51.04,-10.24
2025-07-19,112.7,42.97,59.25,-9.75
2025-07-20,102.93,44.38,65.06,-16.27
2025-07-21,0.0,43.34,56.4,-20.68
2025-07-22,47.49,43.44,55.21,-13.06
2025-07-23,53.62,43.68,55.0,-11.78
2025-07-24,110.07,45.24,62.33,-11.33
2025-07-25,82.55,46.12,65.02,-17.1
2025-07-26,0.0,45.03,56.37,-18.91
2025-07-27,0.0,43.97,48.86,-11.34
2025-07-28,0.0,42.94,42.36,-4.89
2025-07-29,0.0,41.93,36.72,0.58
2025-07-30,46.39,42.03,38.01,5.21
2025-07-31,113.45,43.71,48.05,4.02
2025-08-01,100.84,45.06,55.08,-4.34
2025-08-02,0.0,44.0,47.75,-10.02
2025-08-03,65.14,44.49,50.06,-3.75
2025-08-04,0.0,43.45,43.4,-5.57
2025-08-05,0.0,42.42,37.62,0.05
2025-08-06,95.0,43.66,45.26,4.8
2025-08-07,110.94,45.24,54.0,-1.6
2025-08-08,1.07,44.2,46.96,-8.76
2025-08-09,117.59,45.93,56.36,-2.75
2025-08-10,0.0,44.85,48.86,-10.43
2025-08-11,73.35,45.52,52.12,-4.01
2025-08-12,42.01,45.44,50.77,-6.6
2025-08-13,99.35,46.71,57.24,-5.33
2025-08-14,19.55,46.07,52.22,-10.53
2025-08-15,51.64,46.2,52.14,-6.15
2025-08-16,0.0,45.11,45.2,-5.94
2025-08-17,98.17,46.36,52.25,-0.09
2025-08-18,19.08,45.72,47.84,-5.89
2025-08-19,110.92,47.25,56.23,-2.12
2025-08-20,90.06,48.26,60.74,-8.98
2025-08-21,0.0,47.12,52.65,-12.48
2025-08-22,84.0,47.99,56.82,-5.53
2025-08-23,188.91,51.31,74.41,-8.83
2025-08-24,0.0,50.1,64.5,-23.1
2025-08-25,12.99,49.23,57.64,-14.4
2025-08-26,0.0,48.07,49.97,-8.42
2025-08-27,209.37,51.86,71.19,-1.9
2025-08-28,103.06,53.07,75.43,-19.33
2025-08-29,30.99,52.55,69.52,-22.37
2025-08-30,236.05,56.87,91.69,-16.97
2025-08-31,0.0,55.53,79.48,-34.82
2025-09-01,27.07,54.86,72.5,-23.95
2025-09-02,80.87,55.47,73.62,-17.64
2025-09-03,111.67,56.79,78.68,-18.15
2025-09-04,97.26,57.75,81.16,-21.89
2025-09-05,0.0,56.39,70.35,-23.41
2025-09-06,23.06,55.6,64.06,-13.96
2025-09-07,241.21,59.97,87.64,-8.45
2025-09-08,0.0,58.56,75.97,-27.67
2025-09-09,59.08,58.57,73.72,-17.41
2025-09-10,0.0,57.19,63.91,-15.15
2025-09-11,65.24,57.38,64.09,-6.72
2025-09-12,107.57,58.56,69.87,-6.7
2025-09-13,96.83,59.46,73.46,-11.31
2025-09-14,312.77,65.42,105.32,-14.0
2025-09-15,20.23,64.36,93.99,-39.9
2025-09-16,109.21,65.42,96.02,-29.63
2025-09-17,71.74,65.56,92.79,-30.6
2025-09-18,132.96,67.15,98.14,-27.22
2025-09-19,0.0,65.57,85.07,-30.99
2025-09-20,4.36,64.13,74.33,-19.5
2025-09-21,0.0,62.62,64.43,-10.2
2025-09-22,236.54,66.71,87.34,-1.81
2025-09-23,0.0,65.14,75.72,-20.63
2025-09-24,82.37,65.55,76.6,-10.57
2025-09-25,74.18,65.75,76.28,-11.05
2025-09-26,16.61,64.6,68.34,-10.53
2025-09-27,75.15,64.84,69.24,-3.74
2025-09-28,189.92,67.79,85.31,-4.4
2025-09-29,27.69,66.84,77.64,-17.52
2025-09-30,121.64,68.13,83.5,-10.79
2025-10-01,84.57,68.52,83.64,-15.36
2025-10-02,0.0,66.91,72.5,-15.12
2025-10-03,131.52,68.43,80.36,-5.6
2025-10-04,23.45,67.37,72.78,-11.93
2025-10-05,239.66,71.42,95.0,-5.41
2025-10-06,0.0,69.74,82.35,-23.58
2025-10-07,150.12,71.63,91.37,-12.61
2025-10-08,73.67,71.68,89.02,-19.74
2025-10-09,32.14,70.75,81.45,-17.34
2025-10-10,0.0,69.09,70.6,-10.69
2025-10-11,170.37,71.47,83.88,-1.52
2025-10-12,272.37,76.2,108.98,-12.42
2025-10-13,0.0,74.4,94.47,-32.78
2025-10-14,101.51,75.04,95.41,-20.07
2025-10-15,107.38,75.8,97.0,-20.37
2025-10-16,31.03,74.75,88.22,-21.2
2025-10-17,91.58,75.14,88.67,-13.47
2025-10-18,54.72,74.66,84.15,-13.52
2025-10-19,178.2,77.1,96.67,-9.48
2025-10-20,30.4,76.0,87.85,-19.57
2025-10-21,61.89,75.67,84.39,-11.84
2025-10-22,66.1,75.44,81.96,-8.72
2025-10-23,51.72,74.89,77.93,-6.51
2025-10-24,0.0,73.12,67.56,-3.04
2025-10-25,0.0,71.4,58.56,5.57
2025-10-26,497.24,81.42,116.96,12.84
2025-10-27,0.0,79.51,101.39,-35.54
2025-10-28,0.0,77.64,87.89,-21.88
2025-10-29,84.26,77.79,87.41,-10.26
2025-10-30,36.65,76.82,80.65,-9.62
2025-10-31,0.0,75.02,69.92,-3.83
2025-11-01,34.72,74.07,65.23,5.1
2025-11-02,109.39,74.9,71.11,8.84
2025-11-03,0.0,73.14,61.64,3.79
2025-11-04,76.57,73.22,63.63,11.49
2025-11-05,87.94,73.56,66.87,9.59
2025-11-06,30.45,72.55,62.02,6.7
2025-11-07,55.03,72.14,61.09,10.53
2025-11-08,0.0,70.44,52.96,11.05
2025-11-09,109.51,71.36,60.48,17.48
2025-11-10,22.93,70.22,55.48,10.88
2025-11-11,54.85,69.86,55.4,14.74
2025-11-12,116.92,70.97,63.59,14.46
2025-11-13,82.41,71.24,66.1,7.38
2025-11-14,0.0,69.56,57.3,5.14
2025-11-15,88.61,70.01,61.46,12.26
2025-11-16,130.61,71.43,70.67,8.54
2025-11-17,30.38,70.47,65.31,0.76
2025-11-18,65.42,70.35,65.32,5.16
2025-11-19,101.16,71.07,70.09,5.03
2025-11-20,135.0,72.58,78.73,0.98
2025-11-21,0.0,70.87,68.25,-6.16
2025-11-22,98.1,71.51,72.23,2.62
2025-11-23,124.33,72.75,79.16,-0.72
2025-11-24,21.57,71.55,71.5,-6.41
2025-11-25,49.94,71.04,68.63,0.05
2025-11-26,111.79,72.0,74.37,2.41
2025-11-27,34.36,71.11,69.05,-2.37
2025-11-28,80.43,71.33,70.56,2.07
2025-11-29,0.0,69.66,61.17,0.77
2025-11-30,139.58,71.3,71.61,8.49
2025-12-01,40.14,70.57,67.42,-0.31
2025-12-02,119.96,71.73,74.41,3.15
2025-12-03,90.15,72.16,76.51,-2.68
2025-12-04,27.32,71.11,69.96,-4.34
2025-12-05,63.87,70.94,69.15,1.15
2025-12-06,121.57,72.13,76.13,1.79
2025-12-07,0.0,70.43,65.99,-4.0
2025-12-08,186.39,73.16,82.02,4.44
2025-12-09,162.83,75.27,92.78,-8.86
2025-12-10,99.2,75.83,93.63,-17.51
2025-12-11,111.31,76.67,95.99,-17.8
2025-12-12,0.0,74.86,83.21,-19.32
2025-12-13,105.48,75.58,86.17,-8.34
2025-12-14,176.65,77.96,98.22,-10.59
2025-12-15,24.59,76.71,88.42,-20.26
2025-12-16,72.83,76.61,86.34,-11.71
2025-12-17,104.1,77.26,88.7,-9.73
2025-12-18,61.92,76.9,85.14,-11.44
2025-12-19,32.71,75.86,78.16,-8.24
2025-12-20,0.0,74.08,67.75,-2.3
2025-12-21,52.3,73.56,65.7,6.32
2025-12-22,0.0,71.83,56.95,7.87
2025-12-23,0.0,70.14,49.37,14.88
2025-12-24,71.07,70.16,52.26,20.77
2025-12-25,80.4,70.4,56.0,17.91
2025-12-26,75.35,70.52,58.58,14.4
2025-12-27,101.13,71.24,64.24,11.94
2025-12-28,57.67,70.92,63.37,7.0
2025-12-29,35.96,70.1,59.72,7.55
2025-12-30,0.0,68.45,51.77,10.38
2025-12-31,90.8,68.98,56.97,16.68
2026-01-01,0.0,67.35,49.38,12.01
2026-01-02,90.8,67.9,54.9,17.97
2026-01-03,90.64,68.44,59.65,13.01
2026-01-04,175.61,70.96,75.09,8.79
2026-01-05,31.52,70.03,69.29,-4.13
2026-01-06,77.87,70.22,70.43,0.74
2026-01-07,110.3,71.16,75.74,-0.21
2026-01-08,23.22,70.03,68.75,-4.58
2026-01-09,40.49,69.34,64.99,1.29
2026-01-10,149.57,71.23,76.24,4.35
2026-01-11,0.0,69.55,66.09,-5.02
2026-01-12,229.18,73.3,87.8,3.45
2026-01-13,106.29,74.08,90.27,-14.5
2026-01-14,73.79,74.07,88.07,-16.18
2026-01-15,30.88,73.06,80.46,-14.0
2026-01-16,41.45,72.31,75.27,-7.4
2026-01-17,124.43,73.54,81.81,-2.95
2026-01-18,236.53,77.38,102.41,-8.27
2026-01-19,0.0,75.55,88.78,-25.03
2026-01-20,64.78,75.3,85.58,-13.22
2026-01-21,0.0,73.53,74.19,-10.28
2026-01-22,55.24,73.1,71.67,-0.66
2026-01-23,133.89,74.53,79.95,1.43
2026-01-24,97.26,75.06,82.25,-5.42
2026-01-25,2.47,73.36,71.63,-7.19
2026-01-26,0.0,71.63,62.1,1.72
2026-01-27,0.0,69.95,53.83,9.53
2026-01-28,0.0,68.3,46.66,16.11
2026-01-29,0.0,66.69,40.45,21.64
2026-01-30,0.0,65.12,35.07,26.24
2026-01-31,0.0,63.59,30.4,30.06
2026-02-01,0.0,62.09,26.35,33.19
2026-02-02,0.0,60.63,22.84,35.74
2026-02-03,0.0,59.21,19.8,37.79
2026-02-04,0.0,57.81,17.17,39.4
2026-02-05,0.0,56.45,14.88,40.65
2026-02-06,0.0,55.13,12.9,41.57
2026-02-07,0.0,53.83,11.18,42.23
2026-02-08,0.0,52.56,9.69,42.65
2026-02-09,0.0,51.33,8.4,42.87
2026-02-10,0.0,50.12,7.29,42.92
2026-02-11,86.42,50.97,17.82,42.83
2026-02-12,121.22,52.62,31.58,33.15
2026-02-13,0.0,51.39,27.38,21.04
2026-02-14,130.85,53.26,41.15,24.01
2026-02-15,0.0,52.0,35.68,12.1
2026-02-16,94.21,53.0,43.47,16.33
2026-02-17,0.0,51.75,37.68,9.53
2026-02-18,55.1,51.83,40.0,14.07
2026-02-19,99.24,52.94,47.89,11.83
2026-02-20,53.61,52.96,48.65,5.06
2026-02-21,0.0,51.71,42.17,4.31
2026-02-22,0.0,50.5,36.56,9.54
2026-02-23,101.68,51.7,45.23,13.94
2026-02-24,100.03,52.84,52.52,6.47
2026-02-25,80.47,53.49,56.24,0.32
2026-02-26,0.0,52.23,48.76,-2.75
2026-02-27,0.0,51.0,42.27,3.47
2026-02-28,0.0,49.8,36.64,8.74
2026-03-01,0.0,48.63,31.76,13.16
2026-03-02,0.0,47.48,27.53,16.87
2026-03-03,121.92,49.24,40.1,19.95
2026-03-04,83.06,50.03,45.82,9.14
2026-03-05,127.53,51.86,56.7,4.21
2026-03-06,63.29,52.12,57.57,-4.84
2026-03-07,94.19,53.11,62.45,-5.45
2026-03-08,139.25,55.14,72.67,-9.33
2026-03-09,25.13,54.43,66.34,-17.53
2026-03-10,96.09,55.41,70.3,-11.91
2026-03-11,73.07,55.83,70.67,-14.89
2026-03-12,94.34,56.74,73.82,-14.84
2026-03-13,0.0,55.4,64.0,-17.09
2026-03-14,114.11,56.78,70.67,-8.59
2026-03-15,142.54,58.8,80.23,-13.88
2026-03-16,30.8,58.14,73.65,-21.43
2026-03-17,83.86,58.75,75.01,-15.51
2026-03-18,90.53,59.49,77.08,-16.27
2026-03-19,39.2,59.02,72.04,-17.58
2026-03-20,71.31,59.31,71.94,-13.02
2026-03-21,110.28,60.51,77.04,-12.63
2026-03-22,105.79,61.57,80.87,-16.54
2026-03-23,20.71,60.61,72.86,-19.3
2026-03-24,69.45,60.82,72.41,-12.25
2026-03-25,81.84,61.31,73.66,-11.59
2026-03-26,94.57,62.09,76.45,-12.35
2026-03-27,0.0,60.63,66.27,-14.35
2026-03-28,70.12,60.86,66.78,-5.64
2026-03-29,135.94,62.62,75.99,-5.93
2026-03-30,0.0,61.15,65.87,-13.36
2026-03-31,54.74,61.0,64.39,-4.72
2026-04-01,32.67,60.33,60.17,-3.39
2026-04-02,94.08,61.13,64.68,0.16
2026-04-03,26.54,60.31,59.6,-3.56
2026-04-04,108.78,61.45,66.15,0.71
2026-04-05,92.8,62.19,69.7,-4.7
2026-04-06,33.75,61.52,64.91,-7.51
2026-04-07,86.74,62.12,67.82,-3.39
2026-04-08,73.25,62.38,68.54,-5.7
2026-04-09,87.96,62.98,71.13,-6.17
2026-04-10,0.0,61.5,61.66,-8.15
2026-04-11,106.62,62.56,67.64,-0.16
2026-04-12,95.76,63.34,71.39,-5.09
2026-04-13,0.0,61.85,61.88,-8.05
2026-04-14,76.44,62.19,63.82,-0.03
2026-04-15,25.13,61.32,58.67,-1.63
2026-04-16,0.0,59.88,50.86,2.65
2026-04-17,0.0,58.47,44.09,9.02
2026-04-18,0.0,57.09,38.22,14.38
2026-04-19,0.0,55.75,33.13,18.87
2026-04-20,126.4,57.41,45.55,22.62
2026-04-21,27.87,56.72,43.19,11.86
2026-04-22,88.18,57.46,49.18,13.52
2026-04-23,92.17,58.27,54.91,8.27
2026-04-24,88.12,58.98,59.33,3.37
2026-04-25,205.76,62.43,78.82,-0.35
2026-04-26,0.0,60.96,68.33,-16.39
2026-04-27,37.86,60.42,64.27,-7.37
2026-04-28,92.72,61.18,68.06,-3.85
2026-04-29,97.17,62.03,71.94,-6.88
2026-04-30,28.3,61.23,66.13,-9.91
2026-05-01,0.0,59.79,57.32,-4.9
2026-05-02,229.34,63.78,80.22,2.47
2026-05-03,0.0,62.28,69.54,-16.44
2026-05-04,104.15,63.26,74.15,-7.26
2026-05-05,30.22,62.49,68.3,-10.89
2026-05-06,179.85,65.25,83.15,-5.82
2026-05-07,74.78,65.47,82.04,-17.9
2026-05-08,25.42,64.53,74.5,-16.56
2026-05-09,218.4,68.15,93.66,-9.97
2026-05-10,0.0,66.55,81.19,-25.51
2026-05-11,35.6,65.82,75.12,-14.64
2026-05-12,52.87,65.51,72.16,-9.3
2026-05-13,149.17,67.48,82.41,-6.64
2026-05-14,42.77,66.9,77.13,-14.93
2026-05-15,0.0,65.33,66.86,-10.23
2026-05-16,49.01,64.94,64.49,-1.54
2026-05-17,165.66,67.31,77.96,0.46
2026-05-18,0.0,65.73,67.58,-10.64
2026-05-19,44.54,65.23,64.51,-1.85
2026-05-20,107.45,66.22,70.23,0.72
2026-05-21,25.42,65.26,64.26,-4.0
2026-05-22,0.0,63.73,55.71,1.0
2026-05-23,53.72,63.49,55.44,8.02
2026-05-24,0.0,62.0,48.06,8.05
2026-05-25,146.37,63.98,61.15,13.94
2026-05-26,113.03,65.14,68.06,2.84
2026-05-27,104.45,66.06,72.9,-2.92
2026-05-28,61.71,65.96,71.41,-6.84
2026-05-29,33.69,65.2,66.39,-5.45
2026-05-30,212.5,68.67,85.84,-1.19
2026-05-31,0.0,67.05,74.41,-17.17
2026-06-01,104.53,67.93,78.42,-7.36
2026-06-02,27.05,66.97,71.58,-10.49
2026-06-03,160.63,69.17,83.44,-4.61
2026-06-04,36.76,68.41,77.22,-14.26
2026-06-05,118.86,69.6,82.77,-8.81
2026-06-06,229.8,73.37,102.34,-13.17
2026-06-07,0.0,71.64,88.72,-28.97
2026-06-08,28.39,70.62,80.69,-17.07
2026-06-09,130.25,72.03,87.28,-10.06
2026-06-10,129.65,73.38,92.92,-15.26
2026-06-11,31.84,72.41,84.79,-19.54
2026-06-12,127.55,73.7,90.48,-12.39
2026-06-13,0.0,71.97,78.44,-16.78
2026-06-14,275.96,76.77,104.73,-6.47
2026-06-15,25.78,75.57,94.22,-27.96
2026-06-16,67.17,75.37,90.62,-18.65
2026-06-17,124.58,76.53,95.14,-15.25
2026-06-18,25.8,75.34,85.91,-18.61
2026-06-19,99.41,75.9,87.71,-10.57
2026-06-20,0.0,74.12,76.03,-11.81
2026-06-21,218.1,77.5,94.94,-1.92
2026-06-22,34.46,76.49,86.89,-17.44
2026-06-23,94.46,76.91,87.9,-10.4
2026-06-24,105.9,77.6,90.3,-10.99
2026-06-25,99.02,78.1,91.46,-12.7
